{"cameraMode":{"drawMode":0,"name":"Shaded","section":"Shading Mode"},"sceneLighting":false,"audioPlay":false,"sceneViewState":{"showFog":true,"showMaterialUpdate":true,"showSkybox":false,"showFlares":true,"showImageEffects":true,"showParticleSystems":true},"in2DMode":false,"pivot":{"x":-1.4745111465454102,"y":2.6832001209259035,"z":37.45721435546875},"rotation":{"x":-0.15565121173858643,"y":0.016887793317437173,"z":-0.0026614698581397535,"w":-0.9876641035079956},"size":3.157379627227783,"orthographic":false}